{
  "generated_at": "2026-04-23T02:24:12.271185",
  "total_compliant": 5,
  "total_non_compliant": 2,
  "compliance_score": 71.42857142857143
}